Tree_Sp_Name,Eq_1,Eq_2,Eq_3,Eq_4,Eq_5,Notes 
Sphenodon_punctatus,Hatteria_punctata,,,,,
Gonyosoma_prasinus,Coluber_prasinus,Elaphe_prasina,Rhadinophis_prasinus,Rhadinophis_prasina,,
Gonyosoma_margaritatus,Gonyophis_margaritatum,,,,,Gonyophis_margaritatum is current
Gonyosoma_frenatus,Gonyosoma_frenatum,,,,,Gonyosoma_frenatum is current
Coelognathus_enganensis,Coluber_enganensis,Elaphe_enganensis,,,,*
Euprepiophis_perlacea,Euprepiophis_perlaceus,Elaphe_perlacea,,,,Euprepiophis_perlaceus is current
Orthriophis_taeniurus,Elaphe_taeniurus,Elaphe_taeniura,,,,Elaphe_taeniurus is current
Orthriophis_hodgsoni,Elaphe_hodgsonii,Gonyosoma_hodgsoni,Elaphe_hodgsoni,,,Elaphe_hodgsonii is current
Orthriophis_moellendorffi,Elaphe_moellendorffi,Cynophis_moellendorffi,,,,Elaphe moellendorffi is current
Orthriophis_cantoris,Elaphe_cantoris,Coluber_cantoris,,,,Elaphe_cantoris is current
Rhinechis_scalaris,Zamenis_scalaris,Elaphe_scalaris,Coluber_scalaris,,,Zamenis_scalaris is current
Cyclophiops_semicarinatus,Ptyas_semicarinata,Eurypholis_semicarinatus,Entechinus_semicarinatus,Liopeltis_semicarinatus,,Ptyas_semicarinata is current
Cyclophiops_herminae,Ptyas_herminae,,,,,*
Cyclophiops_multicinctus,Ptyas_multicinctus,Ablabes_multicinctus,,,,Ptyas_multicinctus is current
Cyclophiops_hamptoni,Ptyas_hamptoni,,,,,*
Cyclophiops_major,Ptyas_major,Cyclophis_major,Liopeltis_major,,,Ptyas_major is current
Cyclophiops_doriae,Ptyas_doriae,,,,,*
Drymarchon_margaritae,,,,,,
Mastigodryas_moratoi,,,,,,
Mastigodryas_bifossatus,Palusophis_bifossatus,Coluber_bifossatus,,,,Palusophis_bifossatus is current
Mastigodryas_pleii,Dromicus_pleii,,,,,typo- changed e to i
Drymoluber_apurimacensis,,,,,,
Chionactis_palarostris,Sonora_palarostris,,,,,
Chionactis_occipitalis,Sonora_occipitalis,Rhinostoma_occipitale,Homalosoma_occipitale,Lamprosoma_occipitale,Contia_occipitalis,Sonora_occipitalis is current
Chilomeniscus_stramineus,Sonora_straminea,,,,,Sonora_straminea is current
Chilomeniscus_savagei,,,,,,
Tantilla_sertula,,,,,,
Tantilla_cascadae,,,,,,
Tantilla_tecta,,,,,,
Tantilla_marcovani,,,,,,
Pseustes_sexcarinatus,,,,,,
Pseustes_cinnamomeus,,,,,,
Pseustes_shropshirei,,,,,,
Pseustes_poecilonotus,Phrynonax_poecilonotus,Spilotes_poecilonotus,,,,Phrynonax_poecilonotus is current
Coluber_aurigulus,Masticophis_aurigulus,Drymobius_aurigulus,,,,Masticophis_aurigulus is current
Coluber_barbouri,Masticophis_barbouri,,,,,Masticophis_barbouri is current
Coluber_anthonyi,Masticophis_anthonyi,Bascanion_anthonyi,,,,Masticophis_anthonyi is current
Coluber_mentovarius,Masticophis_mentovarius,Bascanium_mentovarium,Coryphodon_mento-varius,,,Masticophis_mentovarius is current
Coluber_taeniatus,Masticophis_taeniatus,Leptophis_taeniata,,,,Masticophis_taeniatus is current
Coluber_lateralis,Masticophis_lateralis,Leptophis_lateralis,,,,Masticophis_lateralis is current
Coluber_fuliginosus,Atractus_fuliginosus,,,,,Atractus_fuliginosus is current
Coluber_flagellum,Masticophis_flagellum,Bascanion_flagellum,,,,Masticophis_flagellum is current
Chironius_diamantina,,,,,,
Chironius_leucometapus,,,,,,
Argyrogena_vittacaudata,Coluber_vittacaudatus,,,,,*
Gongylosoma_baliodeirus,,,,,,
Gongylosoma_scripta,,,,,,
Gongylosoma_nicobariensis,,,,,,
Gongylosoma_mukutense,,,,,,
Boiga_saengsomi,,,,,,
Boiga_tanahjampeana,,,,,,
Boiga_bourreti,,,,,,
Boiga_dightoni,,,,,,
Boiga_gokool,,,,,,
Telescopus_gezirae,,,,,,
Liopeltis_philippinus,,,,,,
Liopeltis_frenatus,Cyclophis_frenatus,,,,,
Elachistodon_westermanni,Boiga_westermanni,,,,,Boiga_westermanni is current 
Lepturophis_albofuscus,Lycodon_albofuscus,Sphecodes_albo-fuscus,,,,Lycodon_albofuscus is current
Tetralepis_fruhstorferi,,,,,,
Dasypeltis_latericia,Dasypeltis_gansi_latericia,,,,,
Dasypeltis_abyssina,Rachiodon_abyssinus,,,,,
Stegonotus_florensis,Lycodon_florensis,,,,,*
Stegonotus_borneensis,,,,,,
Lycodon_meridionale,Lycodon_meridionalis,Dinodon_rufozonatum_meridionale,,,,Lycodon_meridionalis is current 
Lycodon_tessellatus,Ophites_tesselatus,,,,,*
Lycodon_zoosvictoriae,,,,,,
Lycodon_multizonatus,Oligodon_multizonatum,Oligodon_multizonatus,,,,
Lycodon_davidi,,,,,,
Lycodon_fausti,,,,,,
Lycodon_osmanhilli,,,,,,
Lycodon_odishii,,,,,,
Dryocalamus_philippinus,Lycodon_philippinus,,,,,*
Dryocalamus_subannulatus,Odontomus_sub-annulatus,,,,,
Dryocalamus_tristrigatus,,,,,,
Dryocalamus_davisonii,Ulupe_davisoni,,,,,
Dryocalamus_gracilis,Lycodon_gracilis,,,,,*
Dryocalamus_nympha,Coluber_nympha,Lycodon_nympha,Odontomus_nympha,,,
Hapsidophrys_smaragdina,Hapsidophrys_smaragdinus,Gastropyxis_smaragdina,Dendrophis_smaragdina,,,Hapsidophrys_smaragdinus is current
Macroprotodon_abubakeri,,,,,,
Coluber_bholanathi,Platyceps_bholanathi,,,,,Platyceps_bholanathi is current
Coluber_zebrinus,Mopanveldophis_zebrinus,,,,,Mopanveldophis_zebrinus is current
Aprosdoketophis_andreonei,,,,,,
Spalerosophis_josephscorteccii,,,,,,
Platyceps_tessellata,,,,,,
Platyceps_messanai,Coluber_messanai,,,,,*
Platyceps_scortecci,Coluber_scortecci,,,,,*
Platyceps_largeni,Coluber_largeni,,,,,*
Hierophis_andreanus,Dolichophis_andreanus,Zamenis_andreanus,Coluber_andreanus,,,Dolichophis_andreanus is current
Eirenis_thospitis,,,,,,
Eirenis_hakkariensis,Eirenis_thospitis_hakkariensis,,,,,
Eirenis_africana,Eirenis_africanus,,,,,*
Eirenis_kermanensis,,,,,,
Eirenis_aurolineatus,Contia_collaris_val._aurolineata,,,,,
Rhynchocalamus_arabicus,,,,,,
Rhynchocalamus_barani,Muhtarophis_barani,,,,,Muhtarophis_barani is current
Scaphiophis_raffreyi,,,,,,
Oligodon_unicolor,,,,,,
Oligodon_wagneri,,,,,,
Oligodon_lungshenensis,,,,,,
Oligodon_pulcherrimus,Oligodon_durheimi,,,,,*
Oligodon_jintakunei,,,,,,
Oligodon_nikhili,,,,,,
Oligodon_moricei,,,,,,
Oligodon_melanozonatus,,,,,,
Oligodon_propinquus,,,,,,
Oligodon_eberhardti,,,,,,
Oligodon_inornatus,,,,,,
Oligodon_petronellae,,,,,,
Oligodon_erythrorhachis,,,,,,
Oligodon_saintgironsi,,,,,,
Oligodon_praefrontalis,,,,,,
Dendrelaphis_oliveri,,,,,,
Dendrelaphis_salomonis,Dendrelaphis_calligaster,,,,,*
Dendrelaphis_lorentzi,,,,,,
Dendrelaphis_calligastra,Dendrelaphis_calligaster,,,,,Dendrelaphis_calligaster is current
Chrysopelea_rhodopleuron,,,,,,
Oreocalamus_hanitschi,,,,,,
Pseudorabdion_saravacense,,,,,,
Pseudorabdion_modiglianii,,,,,,
Pseudorabdion_sirambense,,,,,,
Calamorhabdium_kuekenthali,,,,,,
Calamorhabdium_acuticeps,,,,,,
Collorhabdium_williamsoni,,,,,,
Etheridgeum_pulchrum,,,,,,
Rhabdops_bicolor,,,,,,
Macrocalamus_vogeli,,,,,,
Macrocalamus_jasoni,,,,,,
Calamaria_sangi,,,,,,
Calamaria_margaritophora,Calamaria_margaritophorus,,,,,*
Calamaria_brongersmai,,,,,,
Calamaria_javanica,,,,,,
Calamaria_abramovi,,,,,,
Calamaria_doederleini,,,,,,
Calamaria_rebentischi,,,,,,
Calamaria_mecheli,,,,,,
Calamaria_concolor,,,,,,
Calamaria_palawanensis,,,,,,
Calamaria_battersbyi,,,,,,
Calamaria_pfefferi,,,,,,
Calamaria_crassa,,,,,,
Calamaria_buchi,,,,,,
Calamaria_thanhi,,,,,,
Calamaria_gracillima,,,,,,
Calamaria_eiselti,,,,,,
Calamaria_butonensis,,,,,,
Calamaria_lautensis,,,,,,
Calamaria_alidae,,,,,,
Calamaria_ulmeri,,,,,,
Calamaria_ingeri,,,,,,
Calamaria_longirostris,,,,,,
Calamaria_prakkei,,,,,,
Calamaria_forcarti,,,,,,
Calamaria_gialaiensis,,,,,,
Calamaria_boesemani,,,,,,
Synophis_plectovertebralis,,,,,,
Omoadiphas_cannula,,,,,,
Pliocercus_wilmarai,,,,,,
Coniophanes_joanae,,,,,,
Coniophanes_longinquus,,,,,,
Coniophanes_sarae,Coniophanes_lateritius,,,,,*
Rhadinaea_stadelmani,,,,,,
Rhadinophanes_monticola,,,,,,
Emmochliophis_miops,Synophis_miops,,,,,*
Atractus_multidentatus,,,,,,
Atractus_avernus,,,,,,
Atractus_edioi,,,,,,
Atractus_arangoi,,,,,,
Atractus_altagratiae,,,,,,
Atractus_ayeush,,,,,,
Atractus_savagei,,,,,,
Atractus_alytogrammus,,,,,,
Atractus_thalesdelemai,,,,,,
Atractus_boettgeri,,,,,,
Atractus_limitaneus,Leptocalamus_limitaneus,,,,,*
Atractus_taphorni,,,,,,
Atractus_paravertebralis,,,,,,
Atractus_spinalis,,,,,,
Atractus_mariselae,,,,,,
Atractus_vittatus,,,,,,
Atractus_macondo,,,,,,
Atractus_microrhynchus,Rhabdosoma_microrhynchum,,,,,
Atractus_nasutus,,,,,,
Atractus_alphonsehogei,,,,,,
Atractus_caete,,,,,,
Atractus_eriki,,,,,,
Atractus_medusa,,,,,,
Atractus_univittatus,,,,,,
Atractus_insipidus,,,,,,
Atractus_hoogmoedi,,,,,,
Atractus_emigdioi,,,,,,
Atractus_nigricaudus,,,,,,
Atractus_francoi,,,,,,
Atractus_tamaensis,,,,,,
Atractus_matthewi,,,,,,
Atractus_acheronius,,,,,,
Atractus_caxiuana,,,,,,
Atractus_micheleae,,,,,,
Atractus_apophis,,,,,,
Atractus_hostilitractus,,,,,,
Atractus_attenuates,,,,,,
Atractus_mijaresi,,,,,,
Atractus_vertebralis,,,,,,
Atractus_echidna,,,,,,
Atractus_surucucu,,,,,,
Atractus_taeniatus,Atractus_paraguayensis,,,,,*
Atractus_ochrosetrus,,,,,,
Atractus_balzani,,,,,,
Atractus_meridensis,,,,,,
Ninia_franciscoi,,,,,,
Sibon_linearis,,,,,,
Sibon_perissostichon,,,,,,
Dipsas_petersi,Dipsas_indica_petersi,,,,,Dipsas_indica_petersi is current
Sibynomorphus_ventrimaculatus,Dipsas_ventrimaculatus,Leptognathus_ventrimaculatus,,,,Dipsas_ventrimaculatus is current
Sibynomorphus_lavillai,Dipsas_lavillai,,,,,*
Sibynomorphus_neuwiedi,Dipsas_neuwiedi,Cochliophagus_mikanii_neuwiedi,,,,Dipsas_neuwiedi is current
Sibynomorphus_petersi,,,,,,
Sibynomorphus_vagus,Dipsas_vagus,Leptognathus_vagus,,,,Dipsas_vagus is current
Sibynomorphus_oligozonatus,Dipsas_oligozonata,,,,,Dipsas_oligozonata is current
Sibynomorphus_vagrans,,,,,,
Dipsas_neivai,,,,,,
Sibynomorphus_turgidus,Dipsas_turgidus,Leptognathus_turgida,,,,Dipsas_turgidus is current
Sibynomorphus_oneilli,,,,,,
Sibynomorphus_mikanii,Dipsas_mikanii,,,,,Dipsas_mikanii is current
Sibynomorphus_williamsi,Dipsas_williamsi,,,,,Dipsas_williams is current 
Dipsas_baliomelas,,,,,,
Tropidodipsas_annuliferus,Tropidodipsas_annulifera,,,,,
Geophis_isthmicus,,,,,,
Adelphicos_daryi,,,,,,
Adelphicos_ibarrorum,,,,,,
Hypsiglena_ochrorhyncha,Hypsiglena_ochrorhynchus,,,,,
Trimetopon_viquezi,,,,,,
Taeniophallus_nebularis,,,,,,
Phalotris_punctatus,Phalotris_tricolor,Elapomorphus_tricolor,,,,*
Phalotris_bilineatus,Elapomorphus_bilineatus,,,,,
Phalotris_concolor,,,,,,
Phalotris_nigrilatus,,,,,,
Apostolepis_striata,,,,,,
Apostolepis_quirogai,,,,,,
Apostolepis_niceforoi,,,,,,
Apostolepis_ammodites,,,,,,
Apostolepis_parassimilis,Apostolepis_assimillis,Apostolepis_parassimilis,Elapomorphus_parassimilis,,,*
Apostolepis_breviceps,,,,,,
Apostolepis_longicaudata,,,,,,
Apostolepis_gaboi,,,,,,
Elapomorphus_spegazzinii,,,,,,
Hydrodynastes_melanogigas,Hydrodynastes_gigas,Cyclagras_gigas,,,,*
Tachymenis_tarmensis,,,,,,
Tachymenis_elongata,Philodryas_elegans,,,,,*
Thamnodynastes_chimanta,Dryophylax_chimanta,,,,,Dryophylax_chimanta is current
Thamnodynastes_longicaudus,,,,,,
Thamnodynastes_almae,Dryophylax_almae,,,,,
Thamnodynastes_yavi,,,,,,
Thamnodynastes_corocoroensis,Dryophylax_corocoroensis,,,,,*
Thamnodynastes_duida,,,,,,
Thamnodynastes_marahuaquensis,Dryophylax_marahuaquensis,,,,,*
Tomodon_dorsatum,Tomodon_dorsatus,,,,,
Calamodontophis_ronaldoi,,,,,,
Eutrachelophis_steinbachi,Liophis_steinbachi,Erythrolamprus_steinbachi,Rhadinaea_steinbachi,,,*
Eutrachelophis_bassleri,,,,,,
Amnesteophis_melanauchen,Enicognathus_melanauchen,Liophis_melanauchen,,,,*
Ditaxodon_taeniatus,,,,,,
Pseudoboa_serrana,,,,,,
Clelia_hussami,Clelia_rustica,,,,,*
Clelia_errabunda,,,,,,
Rodriguesophis_scriptorcibatus,Phimophis_scriptorcibatus,,,,,
Siphlophis_leucocephalus,,,,,,
Helicops_yacu,,,,,,
Philodryas_viridissima,Chlorosoma_viridissima,Chlorosoma_viridissimum,Philodryas_viridissimus,Coluber_viridissimus,,Chlorosoma_viridissima is current
Philodryas_georgeboulengeri,,,,,,
Philodryas_argentea,,,,,,
Philodryas_laticeps,,,,,,
Philodryas_amaru,,,,,,
Philodryas_livida,,,,,,
Philodryas_simonsii,,,,,,
Philodryas_tachymenoides,,,,,,
Saphenophis_atahuallpae,,,,,,
Xenodon_nattereri,,,,,,
Xenodon_merremi,,,,,,
Erythrolamprus_torrenicola,,,,,,
Erythrolamprus_albertguentheri,,,,,,
Erythrolamprus_carajasensis,,,,,,
Erythrolamprus_janaleeae,,,,,,
Erythrolamprus_trebbaui,,,,,,
Erythrolamprus_longiventris,,,,,,
Erythrolamprus_ingeri,,,,,,
Erythrolamprus_subocularis,,,,,,
Erythrolamprus_problematicus,,,,,,
Arrhyton_ainictum,,,,,,
Arrhyton_procerum,,,,,,
Magliophis_exiguum,,,,,,
Hypsirhynchus_scalaris,,,,,,
Cubophis_ruttyi,,,,,,
Alsophis_sajdaki,,,,,,
Conophis_morai,,,,,,
Thalesius_viridis,,,,,,
Thermophis_zhaoermii,,,,,,
Stichophanes_ningshaanensis,,,,,,
Heterodon_gloydi,,,,,,
Plagiopholis_unipostocularis,,,,,,
Pseudoxenodon_baramensis,,,,,,
Rhabdophis_callichroma,,,,,,
Rhabdophis_adleri,,,,,,
Rhabdophis_auriculata,,,,,,
Rhabdophis_akraios,,,,,,
Balanophis_ceylonensis,,,,,,
Rhabdophis_angeli,,,,,,
Rhabdophis_callistus,,,,,,
Xenochrophis_sanctijohannis,,,,,,
Xenochrophis_punctulatus,,,,,,
Xenochrophis_flavipunctatus,,,,,,
Xenochrophis_asperrimus,,,,,,
Xenochrophis_schnurrenbergeri,,,,,,
Xenochrophis_melanzostus,,,,,,
Xenochrophis_bellula,,,,,,
Xenochrophis_tytleri,,,,,,
Pararhabdophis_chapaensis,,,,,,
Macropisthodon_rudis,,,,,,
Macropisthodon_rhodomelas,,,,,,
Macropisthodon_plumbicolor,,,,,,
Macropisthodon_flaviceps,,,,,,
Natriciteres_bipostocularis,,,,,,
Iguanognathus_werneri,,,,,,
Parahelicops_annamensis,,,,,,
Hydrablabes_periops,,,,,,
Hydrablabes_praefrontalis,,,,,,
Anoplohydrus_aemulans,,,,,,
Tropidonophis_punctiventris,,,,,,
Tropidonophis_statistictus,,,,,,
Trachischium_laeve,,,,,,
Hebius_khasiense,,,,,,
Hebius_frenatum,,,,,,
Hebius_modestum,,,,,,
Hebius_pealii,,,,,,
Hebius_groundwateri,,,,,,
Hebius_sanguineum,,,,,,
Hebius_ishigakiense,,,,,,
Hebius_bitaeniatum,,,,,,
Hebius_kerinciense,,,,,,
Hebius_optatum,,,,,,
Hebius_octolineatum,,,,,,
Hebius_metusium,,,,,,
Hebius_taronense,,,,,,
Hebius_xenura,,,,,,
Hebius_sarawacense,,,,,,
Hebius_andreae,,,,,,
Hebius_nicobariense,,,,,,
Hebius_atemporale,,,,,,
Hebius_arquus,,,,,,
Hebius_concelarum,,,,,,
Hebius_viperinum,,,,,,
Hebius_celebicum,,,,,,
Herpetoreas_burbrinki,,,,,,
Opisthotropis_balteata,,,,,,
Opisthotropis_rugosa,,,,,,
Opisthotropis_tamdaoensis,,,,,,
Opisthotropis_kikuzatoi,,,,,,
Opisthotropis_boonsongi,,,,,,
Opisthotropis_daovantieni,,,,,,
Opisthotropis_cucae,,,,,,
Opisthotropis_maculosa,,,,,,
Opisthotropis_guangxiensis,,,,,,
Opisthotropis_atra,,,,,,
Thamnophis_sauritus,,,,,,
Thamnophis_angustirostris,,,,,,
Thamnophis_valida,,,,,,
Virginia_striatula,,,,,,
Seminatrix_pygaea,,,,,,
Regina_rigida,,,,,,
Regina_alleni,,,,,,
Hologerrhum_dermali,,,,,,
Sinonatrix_aequifasciata,,,,,,
Sinonatrix_yunnanensis,,,,,,
Sinonatrix_annularis,,,,,,
Sinonatrix_percarinata,,,,,,
Aspidura_deraniyagalae,,,,,,
Aspidura_copei,,,,,,
Aspidura_drummondhayi,,,,,,
Poecilopholis_cameronensis,,,,,,
Atractaspis_battersbyi,,,,,,
Atractaspis_phillipsi,,,,,,
Atractaspis_magrettii,,,,,,
Xenocalamus_michellii,,,,,,
Amblyodipsas_rodhaini,,,,,,
Amblyodipsas_katangensis,,,,,,
Aparallactus_moeruensis,,,,,,
Aparallactus_nigriceps,,,,,,
Polemon_gracilis,,,,,,
Polemon_griseiceps,,,,,,
Gonionotophis_laurenti,,,,,,
Gonionotophis_gabouensis,,,,,,
Gonionotophis_egbensis,,,,,,
Gonionotophis_chanleri,,,,,,
Gonionotophis_guirali,,,,,,
Gonionotophis_nyassae,,,,,,
Gonionotophis_savorgnani,,,,,,
Gonionotophis_stenophthalmus,,,,,,
Gonionotophis_poensis,,,,,,
Gonionotophis_vernayi,,,,,,
Gonionotophis_capensis,,,,,,
Gonionotophis_crossi,,,,,,
Boaedon_maculatus,,,,,,
Chamaelycus_christyi,,,,,,
Chamaelycus_werneri,,,,,,
Chamaelycus_parkeri,,,,,,
Lycodonomorphus_subtaeniatus,,,,,,
Pseudoboodon_sandfordorum,,,,,,
Lycophidion_pembanum,,,,,,
Lycophidion_meleagris,,,,,,
Lycophidion_hellmichi,,,,,,
Lycophidion_nanus,,,,,,
Rhagerhis_moilensis,,,,,,
Psammophis_phillipsi,,,,,,
Psammophis_occidentalis,,,,,,
Psammophylax_acutus,,,,,,
Compsophis_fatsibe,,,,,,
Compsophis_vinckei,,,,,,
Thamnosophis_mavotenda,,,,,,
Liopholidophis_oligolepis,,,,,,
Liopholidophis_baderi,,,,,,
Pseudoxyrhopus_kely,,,,,,
Pseudoxyrhopus_ankafinaensis,,,,,,
Pseudoxyrhopus_analabe,,,,,,
Liophidium_pattoni,,,,,,
Liophidium_maintikibo,,,,,,
Ithycyphus_blanci,,,,,,
Langaha_alluaudi,,,,,,
Phisalixella_tulearensis,,,,,,
Phisalixella_iarakaensis,,,,,,
Lycodryas_cococola,,,,,,
Lycodryas_inornatus,,,,,,
Madagascarophis_fuchsi,,,,,,
Brygophis_coulangesi,,,,,,
Calliophis_beddomei,,,,,,
Micrurus_catamayensis,,,,,,
Micrurus_renjifoi,,,,,,
Micrurus_oligoanellatus,,,,,,
Micrurus_scutiventris,,,,,,
Micrurus_meridensis,,,,,,
Micrurus_tamaulipensis,,,,,,
Micrurus_pacaraimae,,,,,,
Thalassophis_anomalus,,,,,,
Naja_crawshayi,,,,,,
Elapsoidea_chelazziorum,,,,,,
Elapsoidea_broadleyi,,,,,,
Kolpophis_annandalei,,,,,,
Hydrophis_bituberculatus,,,,,,
Hydrophis_hendersoni,,,,,,
Emydocephalus_szczerbaki,,,,,,
Vermicella_calonotus,,,,,,
Toxicocalamus_grandis,,,,,,
Toxicocalamus_buergersi,,,,,,
Toxicocalamus_spilolepidotus,,,,,,
Simoselaps_bimaculatus,,,,,,
Parasuta_dwyeri,,,,,,
Parasuta_gouldii,,,,,,
Parasuta_nigriceps,,,,,,
Parasuta_monachus,,,,,,
Parasuta_spectabilis,,,,,,
Parasuta_flagellum,,,,,,
Simoselaps_warro,,,,,,
Laticauda_schistorhynchus,,,,,,
Calliophis_bivirgata,,,,,,
Micrelaps_boettgeri,,,,,,
Micrelaps_tchernovi,,,,,,
Calamophis_sharonbrooksae,,,,,,
Calamophis_jobiensis,,,,,,
Calamophis_katesandersae,,,,,,
Karnsophis_siantaris,,,,,,
Raclitia_indica,,,,,,
Kualatahan_pahangensis,,,,,,
Heurnia_ventromaculata,,,,,,
Homalopsis_hardwickii,,,,,,
Gyiophis_maculosa,,,,,,
Myron_karnsi,,,,,,
Homalophis_gyii,,,,,,
Enhydris_innominata,,,,,,
Brachyorrhos_gastrotaenius,,,,,,
Trimeresurus_trigonocephalus,,,,,,
Trimeresurus_gramineus,,,,,,
Trimeresurus_malabaricus,,,,,,
Trimeresurus_puniceus,,,,,,
Trimeresurus_brongersmai,,,,,,
Trimeresurus_borneensis,,,,,,
Trimeresurus_wiroti,,,,,,
Trimeresurus_rubeus,,,,,,
Trimeresurus_toba,,,,,,
Trimeresurus_buniana,,,,,,
Trimeresurus_sichuanensis,,,,,,
Trimeresurus_andalasensis,,,,,,
Trimeresurus_strigatus,,,,,,
Trimeresurus_barati,,,,,,
Trimeresurus_truongsonensis,,,,,,
Trimeresurus_fucatus,,,,,,
Gloydius_liupanensis,,,,,,
Gloydius_lijianlii,,,,,,
Gloydius_saxatilis,,,,,,
Gloydius_brevicaudus,,,,,,
Atropoides_occiduus,,,,,,
Atropoides_indomitus,,,,,,
Atropoides_olmec,,,,,,
Atropoides_nummifer,,,,,,
Atropoides_mexicanus,,,,,,
Bothrops_lojanus,,,,,,
Bothrops_ayerbei,,,,,,
Bothrops_otavioi,,,,,,
Bothrops_matogrossensis,,,,,,
Bothrops_taeniata,,,,,,
Bothrops_bilineata,,,,,,
Bothrops_marajoensis,,,,,,
Protobothrops_maolanensis,,,,,,
Protobothrops_dabieshanensis,,,,,,
Protobothrops_mangshanensis,,,,,,
Vipera_barani,,,,,,
Vipera_olguni,,,,,,
Vipera_pontica,,,,,,
Vipera_magnifica,,,,,,
Vipera_anatolica,,,,,,
Vipera_shemakhensis,,,,,,
Daboia_deserti,,,,,,
Montivipera_kuhrangica,,,,,,
Macrovipera_schweizeri,,,,,,
Macrovipera_lebetina,,,,,,
Causus_rasmusseni,,,,,,
Atheris_mabuensis,,,,,,
Atheris_anisolepis,,,,,,
Atheris_acuminata,,,,,,
Atheris_subocularis,,,,,,
Atheris_katangensis,,,,,,
Atheris_matildae,,,,,,
Bitis_inornata,,,,,,
Bitis_albanica,,,,,,
Cerastes_boehmei,,,,,,
Echis_hughesi,,,,,,
Echis_jogeri,,,,,,
Echis_megalocephalus,,,,,,
Pareas_nigriceps,,,,,,
Pareas_iwasakii,,,,,,
Achalinus_ater,,,,,,
Achalinus_jinggangensis,,,,,,
Parafimbrios_lao,,,,,,
Stoliczkia_khasiensis,,,,,,
Stoliczkia_borneensis,,,,,,
Bolyeria_multocarinata,,,,,,
Xenophidion_schaeferi,,,,,,
Xenophidion_acanthognathus,,,,,,
Eryx_borrii,,,,,,
Eryx_tataricus,,,,,,
Corallus_cropanii,,,,,,
Corallus_hortulanus,,,,,,
Simalia_clastolepis,,,,,,
Simalia_oenpelliensis,,,,,,
Bothrochilus_huonensis,,,,,,
Bothrochilus_albertisii,,,,,,
Bothrochilus_biakensis,,,,,,
Bothrochilus_fredparkeri,,,,,,
Liasis_papuana,,,,,,
Leiopython_meridionalis,,,,,,
Leiopython_montanus,,,,,,
Antaresia_stimsoni,,,,,,
Anomochilus_weberi,,,,,,
Anomochilus_monticola,,,,,,
Cylindrophis_engkariensis,,,,,,
Cylindrophis_aruensis,,,,,,
Cylindrophis_lineatus,,,,,,
Plectrurus_canaricus,,,,,,
Brachyophidium_rhodogaster,,,,,,
Uropeltis_phillipsi,,,,,,
Uropeltis_melanogaster,,,,,,
Rhinophis_tricolorata,,,,,,
Pseudotyphlops_philippinus,,,,,,
Rhinophis_porrectus,,,,,,
Rhinophis_goweri,,,,,,
Rhinophis_fergusonianus,,,,,,
Uropeltis_macrorhyncha,,,,,,
Uropeltis_ceylanicus,,,,,,
Uropeltis_rubromaculatus,,,,,,
Uropeltis_broughami,,,,,,
Uropeltis_smithi,,,,,,
Uropeltis_ruhunae,,,,,,
Platyplectrurus_trilineatus,,,,,,
Tropidophis_parkeri,,,,,,
Tropidophis_xanthogaster,,,,,,
Tropidophis_jamaicensis,,,,,,
Tropidophis_stejnegeri,,,,,,
Tropidophis_preciosus,,,,,,
Tropidophis_morenoi,,,,,,
Tropidophis_pilsbryi,,,,,,
Tropidophis_battersbyi,,,,,,
Tropidophis_fuscus,,,,,,
Tropidophis_celiae,,,,,,
Tropidophis_stullae,,,,,,
Tropidophis_schwartzi,,,,,,
Anomalepis_mexicanus,,,,,,
Liotyphlops_haadi,,,,,,
Liotyphlops_schubarti,,,,,,
Liotyphlops_trefauti,,,,,,
Madatyphlops_platyrhynchus,,,,,,
Madatyphlops_madagascariensis,,,,,,
Madatyphlops_cuneirostris,,,,,,
Madatyphlops_leucocephalus,,,,,,
Madatyphlops_calabresii,,,,,,
Argyrophis_trangensis,,,,,,
Argyrophis_hypsobothrius,,,,,,
Argyrophis_bothriorhynchus,,,,,,
Argyrophis_fuscus,,,,,,
Argyrophis_giadinhensis,,,,,,
Argyrophis_klemmeri,,,,,,
Xerotyphlops_socotranus,,,,,,
Xerotyphlops_etheridgei,,,,,,
Xerotyphlops_wilsoni,,,,,,
Cyclotyphlops_deharvengi,,,,,,
Ramphotyphlops_supranasalis,,,,,,
Ramphotyphlops_willeyi,,,,,,
Ramphotyphlops_bipartitus,,,,,,
Ramphotyphlops_hatmaliyeb,,,,,,
Ramphotyphlops_marxi,,,,,,
Ramphotyphlops_conradi,,,,,,
Ramphotyphlops_acuticaudus,,,,,,
Ramphotyphlops_lorenzi,,,,,,
Ramphotyphlops_similis,,,,,,
Acutotyphlops_banaorum,,,,,,
Anilios_nigricaudus,,,,,,
Anilios_polygrammicus,,,,,,
Anilios_aspinus,,,,,,
Anilios_leptosomus,,,,,,
Anilios_micrommus,,,,,,
Anilios_nigroterminatus,,,,,,
Lemuriatyphlops_microcephalus,,,,,,
Lemuriatyphlops_domerguei,,,,,,
Lemuriatyphlops_reuteri,,,,,,
Indotyphlops_jerdoni,,,,,,
Indotyphlops_malcolmi,,,,,,
Indotyphlops_filiformis,,,,,,
Indotyphlops_ahsanai,,,,,,
Indotyphlops_fletcheri,,,,,,
Indotyphlops_tenuicollis,,,,,,
Indotyphlops_ozakiae,,,,,,
Indotyphlops_madgemintonae,,,,,,
Indotyphlops_meszoelyi,,,,,,
Indotyphlops_pushpakumara,,,,,,
Indotyphlops_schmutzi,,,,,,
Indotyphlops_tenebrarum,,,,,,
Indotyphlops_khoratensis,,,,,,
Indotyphlops_violaceus,,,,,,
Indotyphlops_leucomelas,,,,,,
Indotyphlops_lankaensis,,,,,,
Indotyphlops_veddae,,,,,,
Indotyphlops_exiguus,,,,,,
Malayotyphlops_ruficaudus,,,,,,
Malayotyphlops_koekkoeki,,,,,,
Malayotyphlops_collaris,,,,,,
Malayotyphlops_kraalii,,,,,,
Rhinotyphlops_boylei,,,,,,
Letheobia_erythraea,,,,,,
Letheobia_acutirostrata,,,,,,
Letheobia_rufescens,,,,,,
Letheobia_debilis,,,,,,
Letheobia_leucosticta,,,,,,
Letheobia_simonii,,,,,,
Letheobia_wittei,,,,,,
Letheobia_largeni,,,,,,
Afrotyphlops_manni,,,,,,
Afrotyphlops_angeli,,,,,,
Afrotyphlops_decorosus,,,,,,
Afrotyphlops_nanus,,,,,,
Typhlops_anchaurus,,,,,,
Typhlops_biminiensis,,,,,,
Typhlops_contorhinus,,,,,,
Typhlops_notorachius,,,,,,
Typhlops_anousius,,,,,,
Typhlops_satelles,,,,,,
Typhlops_perimychus,,,,,,
Typhlops_paradoxus,,,,,,
Typhlops_monensis,,,,,,
Typhlops_arator,,,,,,
Typhlops_longissimus,,,,,,
Typhlops_caymanensis,,,,,,
Typhlops_granti,,,,,,
Typhlops_hypomethes,,,,,,
Typhlops_zenkeri,,,,,,
Typhlops_platycephalus,,,,,,
Typhlops_richardi,,,,,,
Typhlops_naugus,,,,,,
Typhlops_catapontus,,,,,,
Typhlops_guadeloupensis,,,,,,
Typhlops_dominicanus,,,,,,
Typhlops_disparilis,,,,,,
Typhlops_monastus,,,,,,
Typhlops_geotomus,,,,,,
Typhlops_cariei,,,,,,
Typhlops_silus,,,,,,
Typhlops_golyathi,,,,,,
Typhlops_pachyrhinus,,,,,,
Typhlops_oxyrhinus,,,,,,
Typhlops_coecatus,,,,,,
Typhlops_agoralionis,,,,,,
Typhlops_epactius,,,,,,
Typhlops_sylleptor,,,,,,
Typhlops_leptolepis,,,,,,
Typhlops_annae,,,,,,
Amerotyphlops_yonenagae,,,,,,
Amerotyphlops_amoipira,,,,,,
Xenotyphlops_grandidieri,,,,,,
Gerrhopilus_tindalli,,,,,,
Gerrhopilus_mcdowelli,,,,,,
Gerrhopilus_oligolepis,,,,,,
Gerrhopilus_manilae,,,,,,
Gerrhopilus_thurstoni,,,,,,
Cathetorhinus_melanocephalus,,,,,,
Myriopholis_wilsoni,,,,,,
Myriopholis_yemenicus,,,,,,
Myriopholis_perreti,,,,,,
Myriopholis_natatrix,,,,,,
Leptotyphlops_nursii,,,,,,
Leptotyphlops_pungwensis,,,,,,
Leptotyphlops_howelli,,,,,,
Leptotyphlops_telloi,,,,,,
Epacrophis_reticulatus,,,,,,
Rhinoleptus_parkeri,,,,,,
Rhinoleptus_koniagui,,,,,,
Mitophis_leptipileptus,,,,,,
Rena_dissectus,,,,,,
Rena_affinis,,,,,,
Trilepida_guayaquilensis,,,,,,
Trilepida_dimidiatum,,,,,,
Siagonodon_acutirostris,,,,,,
Epictia_undecimstriata,,,,,,
Epictia_melanurus,,,,,,
Epictia_rubrolineata,,,,,,
Epictia_collaris,,,,,,
Epictia_unicolor,,,,,,
Epictia_nasalis,,,,,,
Tricheilostoma_dissimilis,,,,,,
Tricheilostoma_broadleyi,,,,,,
Tricheilostoma_greenwelli,,,,,,
Enyalioides_azulae,,,,,,
Enyalioides_binzayedi,,,,,,
Enyalioides_rudolfarndti,,,,,,
Ctenosaura_defensor,,,,,,
Ctenosaura_praeocularis,,,,,,
Ctenosaura_alfredschmidti,,,,,,
Conolophus_marthae,,,,,,
Stenocercus_squarrosus,,,,,,
Stenocercus_arndti,,,,,,
Stenocercus_chlorostictus,,,,,,
Stenocercus_dumerilii,,,,,,
Stenocercus_chinchaoensis,,,,,,
Microlophus_stolzmanni,,,,,,
Plica_kathleenae,,,,,,
Plica_pansticta,,,,,,
Tropidurus_arenarius,,,,,,
Tropidurus_mucujensis,,,,,,
Leiosaurus_jaguaris,,,,,,
Phymaturus_williamsi,,,,,,
Phymaturus_damasense,,,,,,
Phymaturus_castillensis,,,,,,
Phymaturus_excelsus,,,,,,
Phymaturus_spectabilis,,,,,,
Phymaturus_desuetus,,,,,,
Phymaturus_bibronii,,,,,,
Phymaturus_felixi,,,,,,
Phymaturus_videlai,,,,,,
Phymaturus_yachanana,,,,,,
Liolaemus_morandae,,,,,,
Liolaemus_pantherinus,,,,,,
Liolaemus_somuncurae,,,,,,
Liolaemus_uptoni,,,,,,
Liolaemus_tari,,,,,,
Liolaemus_tristis,,,,,,
Liolaemus_salinicola,,,,,,
Liolaemus_erguetae,,,,,,
Liolaemus_cranwelli,,,,,,
Liolaemus_montanus,,,,,,
Liolaemus_maldonadae,,,,,,
Liolaemus_manueli,,,,,,
Liolaemus_pyriphlogos,,,,,,
Liolaemus_riodamas,,,,,,
Liolaemus_yatel,,,,,,
Liolaemus_molinai,,,,,,
Liolaemus_caparensis,,,,,,
Liolaemus_vallecurensis,,,,,,
Liolaemus_pipanaco,,,,,,
Liolaemus_inti,,,,,,
Liolaemus_curis,,,,,,
Liolaemus_ceii,,,,,,
Liolaemus_disjunctus,,,,,,
Liolaemus_filiorum,,,,,,
Liolaemus_lopezi,,,,,,
Liolaemus_heliodermis,,,,,,
Liolaemus_montanezi,,,,,,
Liolaemus_huayra,,,,,,
Liolaemus_griseus,,,,,,
Liolaemus_chlorostictus,,,,,,
Liolaemus_yanalcu,,,,,,
Liolaemus_ramonensis,,,,,,
Liolaemus_rabinoi,,,,,,
Liolaemus_pagaburoi,,,,,,
Liolaemus_camarones,,,,,,
Liolaemus_isabelae,,,,,,
Liolaemus_orko,,,,,,
Liolaemus_melanopleurus,,,,,,
Liolaemus_porosus,,,,,,
Liolaemus_exploratorum,,,,,,
Liolaemus_vulcanus,,,,,,
Liolaemus_ubaghsi,,,,,,
Liolaemus_tulkas,,,,,,
Liolaemus_pulcherrimus,,,,,,
Leiocephalus_herminieri,,,,,,
Leiocephalus_anonymous,,,,,,
Leiocephalus_etheridgei,,,,,,
Leiocephalus_partidus,,,,,,
Anolis_lamari,,,,,,
Anolis_poei,,,,,,
Anolis_otongae,,,,,,
Anolis_carlostoddi,,,,,,
Anolis_propinquus,,,,,,
Anolis_philopunctatus,,,,,,
Anolis_deltae,,,,,,
Anolis_chocorum,,,,,,
Anolis_bellipeniculus,,,,,,
Anolis_coelestinus,,,,,,
Anolis_sierramaestrae,,,,,,
Anolis_gibbiceps,,,,,,
Anolis_ibague,,,,,,
Anolis_rhombifer,,,,,,
Anolis_eewi,,,,,,
Anolis_birama,,,,,,
Anolis_lemniscatus,,,,,,
Anolis_williamsii,,,,,,
Anolis_rodriguezi,,,,,,
Anolis_delafuentei,,,,,,
Anolis_ordinatus,,,,,,
Anolis_intermedius,,,,,,
Anolis_impetigosus,,,,,,
Anolis_scapularis,,,,,,
Anolis_wattsi,,,,,,
Anolis_whitemani,,,,,,
Anolis_haetianus,,,,,,
Anolis_breslini,,,,,,
Anolis_incredulus,,,,,,
Anolis_maynardi,,,,,,
Anolis_oporinus,,,,,,
Anolis_toldo,,,,,,
Urosaurus_nigricaudus,,,,,,
Urosaurus_irregularis,,,,,,
Sceloporus_caeruleus,,,,,,
Sceloporus_becki,,,,,,
Phrynosoma_wigginsi,,,,,,
Hypsilurus_spinipes,,,,,,
Hypsilurus_dilophus,,,,,,
Hypsilurus_boydii,,,,,,
Hypsilurus_tenuicephalus,,,,,,
Hypsilurus_ornatus,,,,,,
Diporiphora_arnhemica,,,,,,
Lophognathus_longirostris,,,,,,
Lophognathus_maculilabris,,,,,,
Lophognathus_burnsi,,,,,,
Thaumatorhynchus_brooksi,,,,,,
Oriocalotes_paulus,,,,,,
Coryphophylax_brevicaudus,,,,,,
Bronchocela_orlovi,,,,,,
Gonocephalus_mjobergi,,,,,,
Pseudocophotis_sumatrana,,,,,,
Pseudocophotis_kontumensis,,,,,,
Phoxophrys_spiniceps,,,,,,
Phoxophrys_nigrilabris,,,,,,
Phoxophrys_cephalum,,,,,,
Phoxophrys_borneensis,,,,,,
Calotes_bhutanensis,,,,,,
Calotes_nigriplicatus,,,,,,
Calotes_rouxii,,,,,,
Calotes_ellioti,,,,,,
Calotes_manamendrai,,,,,,
Calotes_aurantolabium,,,,,,
Acanthosaura_brachypoda,,,,,,
Gonocephalus_robinsonii,,,,,,
Japalura_yulongensis,,,,,,
Japalura_makii,,,,,,
Japalura_splendida,,,,,,
Japalura_planidorsata,,,,,,
Japalura_luei,,,,,,
Japalura_flaviceps,,,,,,
Japalura_brevipes,,,,,,
Japalura_zhaoermii,,,,,,
Japalura_chapaensis,,,,,,
Japalura_otai,,,,,,
Japalura_fasciata,,,,,,
Japalura_yunnanensis,,,,,,
Japalura_polygonata,,,,,,
Japalura_varcoae,,,,,,
Japalura_batangensis,,,,,,
Japalura_brevicauda,,,,,,
Japalura_hamptoni,,,,,,
Japalura_grahami,,,,,,
Japalura_dymondi,,,,,,
Japalura_swinhonis,,,,,,
Japalura_micangshanensis,,,,,,
Pseudocalotes_dringi,,,,,,
Pseudocalotes_rhammanotus,,,,,,
Pseudocalotes_guttalineatus,,,,,,
Pseudocalotes_saravacensis,,,,,,
Pseudocalotes_larutensis,,,,,,
Pseudocalotes_austeniana,,,,,,
Pseudocalotes_flavigula,,,,,,
Harpesaurus_modiglianii,,,,,,
Harpesaurus_beccarii,,,,,,
Harpesaurus_ensicauda,,,,,,
Harpesaurus_tricinctus,,,,,,
Salea_gularis,,,,,,
Complicitus_nigrigularis,,,,,,
Sitana_schleichi,,,,,,
Sitana_fusca,,,,,,
Draco_iskandari,,,,,,
Draco_bourouniensis,,,,,,
Draco_supriatnai,,,,,,
Japalura_dasi,,,,,,
Trapelus_schmitzi,,,,,,
Trapelus_jayakari,,,,,,
Xenagama_batillifera,,,,,,
Agama_sylvana,,,,,,
Agama_hartmanni,,,,,,
Agama_bottegi,,,,,,
Agama_cristata,,,,,,
Phrynocephalus_raddei,,,,,,
Phrynocephalus_ahvazicus,,,,,,
Phrynocephalus_erythrurus,,,,,,
Laudakia_papenfussi,,,,,,
Laudakia_dayana,,,,,,
Laudakia_wui,,,,,,
Brachysaura_minor,,,,,,
Paralaudakia_bochariensis,,,,,,
Paralaudakia_badakhshana,,,,,,
Uromastyx_alfredschmidti,,,,,,
Uromastyx_occidentalis,,,,,,
Uromastyx_yemenensis,,,,,,
Uromastyx_shobraki,,,,,,
Palleon_lolontany,,,,,,
Brookesia_karchei,,,,,,
Brookesia_bekolosy,,,,,,
Brookesia_lambertoni,,,,,,
Rhampholeon_beraduccii,,,,,,
Rhampholeon_maspictus,,,,,,
Furcifer_tuzetae,,,,,,
Calumma_peyrierasi,,,,,,
Calumma_jejy,,,,,,
Calumma_vatosoa,,,,,,
Calumma_hafahafa,,,,,,
Calumma_tsycorne,,,,,,
Calumma_vencesi,,,,,,
Calumma_tarzan,,,,,,
Calumma_andringitraense,,,,,,
Trioceros_perreti,,,,,,
Trioceros_eisentrauti,,,,,,
Trioceros_ntunte,,,,,,
Trioceros_schoutedeni,,,,,,
Trioceros_nyirit,,,,,,
Kinyongia_asheorum,,,,,,
Kinyongia_vanheygeni,,,,,,
Anguis_incomptus,,,,,,
Dopasia_hainanensis,,,,,,
Dopasia_wegneri,,,,,,
Ophisaurus_koellikeri,,,,,,
Abronia_fimbriata,,,,,,
Mesaspis_monticola,,,,,,
Mesaspis_juarezi,,,,,,
Mesaspis_gadovii,,,,,,
Mesaspis_viridiflava,,,,,,
Mesaspis_antauges,,,,,,
Abronia_meledona,,,,,,
Gerrhonotus_farri,,,,,,
Coloptychon_rhombifer,,,,,,
Ophiodes_yacupoi,,,,,,
Diploglossus_garridoi,,,,,,
Celestus_carraui,,,,,,
Diploglossus_owenii,,,,,,
Diploglossus_ingridae,,,,,,
Diploglossus_microcephalus,,,,,,
Diploglossus_microlepis,,,,,,
Diploglossus_legnotus,,,,,,
Celestus_adercus,,,,,,
Celestus_bivittatus,,,,,,
Celestus_scansorius,,,,,,
Celestus_montanus,,,,,,
Xenosaurus_penai,,,,,,
Xenosaurus_mendozai,,,,,,
Varanus_reisingeri,,,,,,
Varanus_obor,,,,,,
Varanus_zugorum,,,,,,
Varanus_finschi,,,,,,
Varanus_macraei,,,,,,
Varanus_boehmei,,,,,,
Varanus_telenesetes,,,,,,
Varanus_ornatus,,,,,,
Blanus_mariae,,,,,,
Ancylocranium_somalicum,,,,,,
Baikia_africana,,,,,,
Dalophia_luluae,,,,,,
Dalophia_gigantea,,,,,,
Monopeltis_perplexus,,,,,,
Monopeltis_remaclei,,,,,,
Monopeltis_zambezensis,,,,,,
Monopeltis_scalper,,,,,,
Monopeltis_kabindae,,,,,,
Monopeltis_vanderysti,,,,,,
Monopeltis_adercae,,,,,,
Monopeltis_welwitschii,,,,,,
Loveridgea_phylofiniens,,,,,,
Amphisbaena_lumbricalis,,,,,,
Amphisbaena_trachura,,,,,,
Amphisbaena_stejnegeri,,,,,,
Amphisbaena_myersi,,,,,,
Amphisbaena_scutigerum,,,,,,
Amphisbaena_leali,,,,,,
Amphisbaena_heterozonata,,,,,,
Amphisbaena_sanctaeritae,,,,,,
Amphisbaena_maximus,,,,,,
Amphisbaena_maranhensis,,,,,,
Amphisbaena_polystegum,,,,,,
Amphisbaena_albocingulata,,,,,,
Amphisbaena_neglecta,,,,,,
Amphisbaena_polygrammica,,,,,,
Amphisbaena_infraorbitale,,,,,,
Amphisbaena_microcephalum,,,,,,
Amphisbaena_bilabialatus,,,,,,
Amphisbaena_darwini,,,,,,
Amphisbaena_acrobeles,,,,,,
Amphisbaena_ibijara,,,,,,
Amphisbaena_arda,,,,,,
Amphisbaena_crisae,,,,,,
Amphisbaena_wuchereri,,,,,,
Amphisbaena_cegei,,,,,,
Amphisbaena_amazonica,,,,,,
Amphisbaena_wiedi,,,,,,
Amphisbaena_kisteumacheri,,,,,,
Amphisbaena_borelli,,,,,,
Amphisbaena_kraoh,,,,,,
Amphisbaena_saxosa,,,,,,
Amphisbaena_cerradensis,,,,,,
Amphisbaena_persephone,,,,,,
Amphisbaena_octostegum,,,,,,
Amphisbaena_carli,,,,,,
Amphisbaena_arenaria,,,,,,
Amphisbaena_tragorrhectes,,,,,,
Amphisbaena_caiari,,,,,,
Amphisbaena_bassleri,,,,,,
Amphisbaena_supernumeraria,,,,,,
Amphisbaena_varia,,,,,,
Amphisbaena_rozei,,,,,,
Amphisbaena_bahiana,,,,,,
Amphisbaena_uroxena,,,,,,
Amphisbaena_mensae,,,,,,
Amphisbaena_miringoera,,,,,,
Cynisca_muelleri,,,,,,
Cynisca_schaeferi,,,,,,
Cynisca_kigomensis,,,,,,
Cynisca_williamsi,,,,,,
Cynisca_gansi,,,,,,
Cynisca_oligopholis,,,,,,
Cynisca_nigeriensis,,,,,,
Cynisca_haugi,,,,,,
Cynisca_degrysi,,,,,,
Mesobaena_rhachicephala,,,,,,
Zygaspis_dolichomenta,,,,,,
Podarcis_raffoneae,,,,,,
Podarcis_levendis,,,,,,
Takydromus_madaensis,,,,,,
Takydromus_hani,,,,,,
Takydromus_haughtonianus,,,,,,
Takydromus_sikkimensis,,,,,,
Darevskia_pontica,,,,,,
Darevskia_dryada,,,,,,
Darevskia_rostombekovi,,,,,,
Anatololacerta_budaki,,,,,,
Lacerta_mostoufii,,,,,,
Latastia_cherchii,,,,,,
Latastia_siebenrocki,,,,,,
Latastia_carinata,,,,,,
Pseuderemias_erythrosticta,,,,,,
Meroles_squamulosa,,,,,,
Ichnotropis_chapini,,,,,,
Ichnotropis_tanganicana,,,,,,
Ichnotropis_grandiceps,,,,,,
Ichnotropis_microlepidota,,,,,,
Pedioplanis_huntleyi,,,,,,
Ophisops_minor,,,,,,
Acanthodactylus_orientalis,,,,,,
Acanthodactylus_lineomaculatus,,,,,,
Acanthodactylus_scutellatus,,,,,,
Acanthodactylus_ahmaddisii,,,,,,
Mesalina_ercolinii,,,,,,
Eremias_kokshaaliensis,,,,,,
Eremias_montanus,,,,,,
Eremias_afghanistanica,,,,,,
Eremias_quadrifrons,,,,,,
Eremias_buechneri,,,,,,
Eremias_novo,,,,,,
Eremias_yarkandensis,,,,,,
Kaieteurosaurus_hindsi,,,,,,
Adercosaurus_vixadnexus,,,,,,
Leposoma_southi,,,,,,
Leposoma_rugiceps,,,,,,
Leposoma_ioanna,,,,,,
Leposoma_guianense,,,,,,
Leposoma_snethlageae,,,,,,
Leposoma_caparensis,,,,,,
Leposoma_percarinatum,,,,,,
Leposoma_hexalepis,,,,,,
Leposoma_parietale,,,,,,
Leposoma_ferreirai,,,,,,
Leposoma_osvaldoi,,,,,,
Marinussaurus_curupira,,,,,,
Colobosauroides_carvalhoi,,,,,,
Leposoma_nanodactylus,,,,,,
Leposoma_sinepollex,,,,,,
Leposoma_puk,,,,,,
Arthrosaura_montigena,,,,,,
Arthrosaura_testigensis,,,,,,
Arthrosaura_guianensis,,,,,,
Arthrosaura_hoogmoedi,,,,,,
Euspondylus_rahmi,,,,,,
Euspondylus_oreades,,,,,,
Euspondylus_spinalis,,,,,,
Euspondylus_monsfumus,,,,,,
Euspondylus_josyi,,,,,,
Petracola_labioocularis,,,,,,
Proctoporus_cephalolineatus,,,,,,
Proctoporus_unsaacae,,,,,,
Potamites_ocellatus,,,,,,
Potamites_erythrocularis,,,,,,
Potamites_apodemus,,,,,,
Potamites_flavogularis,,,,,,
Potamites_cochranae,,,,,,
Potamites_montanicola,,,,,,
Cercosaura_steyeri,,,,,,
Cercosaura_nigroventris,,,,,,
Cercosaura_vertebralis,,,,,,
Cercosaura_dicra,,,,,,
Cercosaura_phelpsorum,,,,,,
Anadia_mcdiarmidi,,,,,,
Anadia_pariaensis,,,,,,
Anadia_escalerae,,,,,,
Anadia_altaserrania,,,,,,
Anadia_hobarti,,,,,,
Anadia_blakei,,,,,,
Anadia_bumanguesa,,,,,,
Pholidobolus_anomalus,,,,,,
Pholidobolus_hillisi,,,,,,
Teuchocercus_keyi,,,,,,
Riama_aurea,,,,,,
Riama_stellae,,,,,,
Riama_kiziriani,,,,,,
Riama_laudahnae,,,,,,
Riama_yumborum,,,,,,
Riama_inanis,,,,,,
Riama_petrorum,,,,,,
Riama_vieta,,,,,,
Riama_afrania,,,,,,
Riama_balneator,,,,,,
Riama_achlyens,,,,,,
Riama_shrevei,,,,,,
Riama_hyposticta,,,,,,
Riama_laevis,,,,,,
Riama_rhodogaster,,,,,,
Riama_luctuosa,,,,,,
Riama_crypta,,,,,,
Riama_oculata,,,,,,
Placosoma_cipoense,,,,,,
Echinosaura_sulcarostrum,,,,,,
Bachia_psamophila,,,,,,
Bachia_scaea,,,,,,
Bachia_micromela,,,,,,
Bachia_oxyrhina,,,,,,
Bachia_didactyla,,,,,,
Vanzosaura_multiscutatus,,,,,,
Psilophthalmus_paeminosus,,,,,,
Gymnophthalmus_pleei,,,,,,
Gymnophthalmus_cryptus,,,,,,
Calyptommatus_confusionibus,,,,,,
Scriptosaura_catimbau,,,,,,
Heterodactylus_septentrionalis,,,,,,
Heterodactylus_lundii,,,,,,
Alexandresaurus_camacan,,,,,,
Stenolepis_ridleyi,,,,,,
Acratosaura_spinosa,,,,,,
Riolama_uzzelli,,,,,,
Riolama_luridiventris,,,,,,
Ptychoglossus_danieli,,,,,,
Ptychoglossus_eurylepis,,,,,,
Ptychoglossus_nicefori,,,,,,
Ptychoglossus_festae,,,,,,
Ptychoglossus_vallensis,,,,,,
Ptychoglossus_kugleri,,,,,,
Ptychoglossus_gorgonae,,,,,,
Ptychoglossus_brevifrontalis,,,,,,
Ptychoglossus_grandisquamatus,,,,,,
Ptychoglossus_bilineatus,,,,,,
Ptychoglossus_romaleos,,,,,,
Ptychoglossus_myersi,,,,,,
Ameiva_taeniura,,,,,,
Ameiva_maynardi,,,,,,
Ameiva_lineolata,,,,,,
Ameiva_corvina,,,,,,
Ameiva_cineracea,,,,,,
Ameiva_chrysolaema,,,,,,
Ameiva_dorsalis,,,,,,
Ameiva_auberi,,,,,,
Ameiva_exsul,,,,,,
Ameiva_wetmorei,,,,,,
Ameiva_polops,,,,,,
Ameiva_fuscata,,,,,,
Ameiva_pluvianotata,,,,,,
Ameiva_major,,,,,,
Ameiva_griswoldi,,,,,,
Ameiva_plei,,,,,,
Ameiva_corax,,,,,,
Ameiva_atrata,,,,,,
Aspidoscelis_xanthonota,,,,,,
Aspidoscelis_picta,,,,,,
Aspidoscelis_inornata,,,,,,
Aspidoscelis_sexlineata,,,,,,
Aspidoscelis_mexicana,,,,,,
Aspidoscelis_stictogramma,,,,,,
Aspidoscelis_cozumelae,,,,,,
Aspidoscelis_costata,,,,,,
Aspidoscelis_guttata,,,,,,
Aspidoscelis_hyperythra,,,,,,
Aspidoscelis_maxima,,,,,,
Aspidoscelis_neomexicana,,,,,,
Aspidoscelis_tesselata,,,,,,
Aspidoscelis_lineattissima,,,,,,
Aspidoscelis_neotesselata,,,,,,
Aspidoscelis_parvisocia,,,,,,
Aspidoscelis_flagellicauda,,,,,,
Aspidoscelis_deppei,,,,,,
Aspidoscelis_marmorata,,,,,,
Kentropyx_lagartija,,,,,,
Cnemidophorus_flavissimus,,,,,,
Cnemidophorus_martyris,,,,,,
Ameivula_venetacauda,,,,,,
Ameivula_littoralis,,,,,,
Ameivula_abaetensis,,,,,,
Ameivula_cyanura,,,,,,
Ameivula_confusioniba,,,,,,
Ameiva_concolor,,,,,,
Ameiva_provitaae,,,,,,
Ameiva_jacuba,,,,,,
Lepidophyma_cuicateca,,,,,,
Tetradactylus_udzungwensis,,,,,,
Zonosaurus_anelanelany,,,,,,
Platysaurus_pungweensis,,,,,,
Smaug_regius,,,,,,
Cordylus_nyikae,,,,,,
Cordylus_aridus,,,,,,
Cordylus_rivae,,,,,,
Cordylus_meculae,,,,,,
Cordylus_angolensis,,,,,,
Cyclodomorphus_maxima,,,,,,
Hemisphaeriodon_gerrardii,,,,,,
Eutropis_novemcarinata,,,,,,
Trachylepis_aurata,,,,,,
Trachylepis_vittata,,,,,,
Mabuya_cochonae,,,,,,
Mabuya_grandisterrae,,,,,,
Mabuya_guadeloupae,,,,,,
Alinea_lanceolata,,,,,,
Alinea_pergravis,,,,,,
Alinea_berengerae,,,,,,
Spondylurus_monitae,,,,,,
Spondylurus_turksae,,,,,,
Spondylurus_spilonotus,,,,,,
Spondylurus_magnacruzae,,,,,,
Vietnascincus_rugosus,,,,,,
Copeoglossum_redondae,,,,,,
Eumecia_johnstoni,,,,,,
Chioninia_geisthardti,,,,,,
Trachylepis_cristinae,,,,,,
Trachylepis_loluiensis,,,,,,
Trachylepis_septemtaeniata,,,,,,
Trachylepis_infralineata,,,,,,
Trachylepis_nancycoutuae,,,,,,
Trachylepis_ferrarai,,,,,,
Trachylepis_betsileana,,,,,,
Trachylepis_ivensii,,,,,,
Trachylepis_angolensis,,,,,,
Dasia_subcaeruleum,,,,,,
Capitellum_mariagalantae,,,,,,
Capitellum_parvicruzae,,,,,,
Capitellum_metallicum,,,,,,
Eutropis_darevskii,,,,,,
Lamprolepis_vyneri,,,,,,
Lamprolepis_leucosticta,,,,,,
Eutropis_chapaensis,,,,,,
Eutropis_innotata,,,,,,
Eutropis_floweri,,,,,,
Eutropis_beddomii,,,,,,
Eutropis_quadratilobus,,,,,,
Eutropis_grandis,,,,,,
Eutropis_gansi,,,,,,
Lankascincus_greeri,,,,,,
Lankascincus_deraniyagalae,,,,,,
Lankascincus_munindradasai,,,,,,
Lygosoma_anguinum,,,,,,
Lygosoma_pruthi,,,,,,
Lygosoma_herberti,,,,,,
Lygosoma_mafianum,,,,,,
Lygosoma_bowringii,,,,,,
Lygosoma_singha,,,,,,
Lygosoma_lanceolatum,,,,,,
Mochlus_mabuiiforme,,,,,,
Mochlus_grandisonianum,,,,,,
Mochlus_productum,,,,,,
Mochlus_paedocarinatum,,,,,,
Mochlus_afer,,,,,,
Mochlus_sundevalli,,,,,,
Mochlus_simonettai,,,,,,
Mochlus_mocquardi,,,,,,
Mochlus_somalicum,,,,,,
Lygosoma_lineolatum,,,,,,
Lygosoma_corpulentum,,,,,,
Lygosoma_ashwamedhi,,,,,,
Lygosoma_frontoparietale,,,,,,
Lygosoma_popae,,,,,,
Lygosoma_laeviceps,,,,,,
Lygosoma_boehmei,,,,,,
Lygosoma_pembanum,,,,,,
Lygosoma_vosmaeri,,,,,,
Lygosoma_lineata,,,,,,
Lygosoma_carinatum,,,,,,
Lygosoma_guentheri,,,,,,
Lygosoma_goaensis,,,,,,
Lygosoma_albopunctata,,,,,,
Lygosoma_chaperi,,,,,,
Lepidothyris_striatus,,,,,,
Lepidothyris_hinkeli,,,,,,
Lepidothyris_fernandi,,,,,,
Lygosoma_veunsaiensis,,,,,,
Lygosoma_opisthorhodum,,,,,,
Haackgreerius_miopus,,,,,,
Ablepharus_lindbergi,,,,,,
Asymblepharus_mahabharatus,,,,,,
Asymblepharus_nepalensis,,,,,,
Asymblepharus_tragbulense,,,,,,
Asymblepharus_eremchenkoi,,,,,,
Panaspis_tancredi,,,,,,
Panaspis_burgeoni,,,,,,
Panaspis_helleri,,,,,,
Panaspis_nimbaensis,,,,,,
Afroablepharus_wahlbergi,,,,,,
Afroablepharus_duruarum,,,,,,
Afroablepharus_seydeli,,,,,,
Afroablepharus_wilsoni,,,,,,
Afroablepharus_africanus,,,,,,
Afroablepharus_maculicollis,,,,,,
Afroablepharus_annobonensis,,,,,,
Bassiana_duperreyi,,,,,,
Bassiana_platynota,,,,,,
Bassiana_trilineata,,,,,,
Proablepharus_kinghorni,,,,,,
Proablepharus_naranjicaudus,,,,,,
Proablepharus_barrylyoni,,,,,,
Carlia_rimula,,,,,,
Carlia_sukur,,,,,,
Lygisaurus_abscondita,,,,,,
Niveoscincus_greeni,,,,,,
Niveoscincus_orocryptus,,,,,,
Niveoscincus_pretiosus,,,,,,
Niveoscincus_metallicus,,,,,,
Niveoscincus_ocellatus,,,,,,
Niveoscincus_palfreymani,,,,,,
Niveoscincus_microlepidotus,,,,,,
Niveoscincus_coventryi,,,,,,
Lobulia_stellaris,,,,,,
Lobulia_alpina,,,,,,
Lobulia_glacialis,,,,,,
Lobulia_subalpina,,,,,,
Cryptoblepharus_ahli,,,,,,
Emoia_ahli,,,,,,
Emoia_digul,,,,,,
Emoia_nativittatis,,,,,,
Emoia_lawesi,,,,,,
Emoia_laobaoense,,,,,,
Menetia_amaura,,,,,,
Lioscincus_novaecaledoniae,,,,,,
Nannoscincus_rankini,,,,,,
Marmorosphax_kaala,,,,,,
Marmorosphax_boulinda,,,,,,
Marmorosphax_taom,,,,,,
Lioscincus_greeri,,,,,,
Simiscincus_aurantiacus,,,,,,
Caledoniscincus_constellatus,,,,,,
Caledoniscincus_pelletieri,,,,,,
Caledoniscincus_cryptos,,,,,,
Cophoscincopus_senegalensis,,,,,,
Lioscincus_nigrofasciolatum,,,,,,
Lioscincus_maruia,,,,,,
Lioscincus_tillieri,,,,,,
Tachygyia_microlepis,,,,,,
Geoscincus_haraldmeieri,,,,,,
Oligosoma_lichenigera,,,,,,
Oligosoma_hardyi,,,,,,
Oligosoma_taumakae,,,,,,
Oligosoma_roimata,,,,,,
Leiolopisma_fasciolare,,,,,,
Leiolopisma_ceciliae,,,,,,
Lacertaspis_reichenowi,,,,,,
Lacertaspis_chriswildi,,,,,,
Leptosiaphos_dungeri,,,,,,
Leptosiaphos_hylophilus,,,,,,
Leptosiaphos_koutoui,,,,,,
Leptosiaphos_fuhni,,,,,,
Eugongylus_sulaensis,,,,,,
Larutia_nubisilvicola,,,,,,
Larutia_puehensis,,,,,,
Larutia_trifasciata,,,,,,
Larutia_sumatrensis,,,,,,
Sphenomorphus_shelfordi,,,,,,
Sphenomorphus_malayanum,,,,,,
Sphenomorphus_maculicollus,,,,,,
Sphenomorphus_capitolythos,,,,,,
Sphenomorphus_sananus,,,,,,
Sphenomorphus_sheai,,,,,,
Sphenomorphus_textum,,,,,,
Sphenomorphus_vanheurni,,,,,,
Sphenomorphus_temmincki,,,,,,
Sphenomorphus_temengorensis,,,,,,
Sphenomorphus_bukitensis,,,,,,
Sphenomorphus_tridigitus,,,,,,
Sphenomorphus_sibuensis,,,,,,
Sphenomorphus_misolense,,,,,,
Sphenomorphus_courcyanum,,,,,,
Sphenomorphus_celebense,,,,,,
Sphenomorphus_grandisonae,,,,,,
Sphenomorphus_orientale,,,,,,
Sphenomorphus_bacboensis,,,,,,
Sphenomorphus_striatopunctatum,,,,,,
Sphenomorphus_cophias,,,,,,
Sphenomorphus_modigliani,,,,,,
Sphenomorphus_butleri,,,,,,
Sphenomorphus_perhentianensis,,,,,,
Sphenomorphus_zimmeri,,,,,,
Sphenomorphus_microtympanus,,,,,,
Sphenomorphus_buettikoferi,,,,,,
Sphenomorphus_alfredi,,,,,,
Sphenomorphus_mimikanum,,,,,,
Sphenomorphus_ishaki,,,,,,
Sphenomorphus_rarus,,,,,,
Sphenomorphus_crassus,,,,,,
Sphenomorphus_megalops,,,,,,
Sphenomorphus_schlegeli,,,,,,
Sphenomorphus_langkawiensis,,,,,,
Sphenomorphus_tanahtinggi,,,,,,
Parvoscincus_igorotorum,,,,,,
Parvoscincus_boyingi,,,,,,
Parvoscincus_luzonense,,,,,,
Leptoseps_osellai,,,,,,
Leptoseps_poilani,,,,,,
Otosaurus_cumingi,,,,,,
Concinnia_brachyosoma,,,,,,
Concinnia_tigrinus,,,,,,
Concinnia_amplus,,,,,,
Concinnia_queenslandiae,,,,,,
Anomalopus_verreauxi,,,,,,
Ctenotus_aphrodite,,,,,,
Lerista_zietzi,,,,,,
Lerista_rhodonoides,,,,,,
Lerista_maculosa,,,,,,
Lerista_talpina,,,,,,
Anomalopus_pluto,,,,,,
Glaphyromorphus_crassicaudus,,,,,,
Eremiascincus_timorensis,,,,,,
Eremiascincus_butlerorum,,,,,,
Anomalopus_brevicollis,,,,,,
Anomalopus_gowi,,,,,,
Hemiergis_quadrilineata,,,,,,
Sphenomorphus_apalpebratus,,,,,,
Scincella_inconspicua,,,,,,
Scincella_schmidti,,,,,,
Scincella_forbesora,,,,,,
Scincella_rara,,,,,,
Scincella_assatus,,,,,,
Scincella_macrotis,,,,,,
Scincella_apraefrontalis,,,,,,
Scincella_capitanea,,,,,,
Scincella_przewalskii,,,,,,
Scincella_rufocaudatus,,,,,,
Papuascincus_phaeodes,,,,,,
Lipinia_noctua,,,,,,
Prasinohaema_parkeri,,,,,,
Lipinia_nitens,,,,,,
Lipinia_inexpectata,,,,,,
Lipinia_miangensis,,,,,,
Lipinia_pulchra,,,,,,
Lipinia_venemai,,,,,,
Lipinia_albodorsalis,,,,,,
Lipinia_nototaenia,,,,,,
Sphenomorphus_tonkinensis,,,,,,
Tropidophorus_hangnam,,,,,,
Tropidophorus_noggei,,,,,,
Tropidophorus_guangxiensis,,,,,,
Tropidophorus_iniquus,,,,,,
Pseudoacontias_unicolor,,,,,,
Pseudoacontias_angelorum,,,,,,
Pseudoacontias_menamainty,,,,,,
Pseudoacontias_madagascariensis,,,,,,
Androngo_trivittatus,,,,,,
Chabanaudia_boulengeri,,,,,,
Voeltzkowia_lineata,,,,,,
Voeltzkowia_rubrocaudata,,,,,,
Voeltzkowia_fierinensis,,,,,,
Voeltzkowia_petiti,,,,,,
Amphiglossus_mandady,,,,,,
Amphiglossus_tsaratananensis,,,,,,
Amphiglossus_decaryi,,,,,,
Amphiglossus_splendidus,,,,,,
Amphiglossus_elongatus,,,,,,
Amphiglossus_anosyensis,,,,,,
Amphiglossus_andranovahensis,,,,,,
Amphiglossus_macrocercus,,,,,,
Amphiglossus_punctatus,,,,,,
Amphiglossus_frontoparietalis,,,,,,
Amphiglossus_stylus,,,,,,
Amphiglossus_alluaudi,,,,,,
Amphiglossus_meva,,,,,,
Amphiglossus_crenni,,,,,,
Amphiglossus_johannae,,,,,,
Amphiglossus_ardouini,,,,,,
Amphiglossus_mandokava,,,,,,
Amphiglossus_gastrostictus,,,,,,
Amphiglossus_spilostichus,,,,,,
Amphiglossus_tanysoma,,,,,,
Amphiglossus_valhallae,,,,,,
Amphiglossus_ornaticeps,,,,,,
Amphiglossus_melanurus,,,,,,
Paracontias_kankana,,,,,,
Paracontias_rothschildi,,,,,,
Paracontias_tsararano,,,,,,
Paracontias_hafa,,,,,,
Paracontias_fasika,,,,,,
Paracontias_minimus,,,,,,
Paracontias_manify,,,,,,
Paracontias_vermisaurus,,,,,,
Madascincus_ankodabensis,,,,,,
Madascincus_mouroundavae,,,,,,
Madascincus_macrolepis,,,,,,
Madascincus_arenicola,,,,,,
Nessia_deraniyagalai,,,,,,
Nessia_hickanala,,,,,,
Sepsina_bayoni,,,,,,
Typhlacontias_rudebecki,,,,,,
Typhlacontias_johnsonii,,,,,,
Feylinia_macrolepis,,,,,,
Melanoseps_emmrichi,,,,,,
Sirenoscincus_mobydick,,,,,,
Sirenoscincus_yamagishii,,,,,,
Scelotes_duttoni,,,,,,
Scelotes_poensis,,,,,,
Scelotes_schebeni,,,,,,
Scelotes_bourquini,,,,,,
Scelotes_insularis,,,,,,
Scelotes_bicolor,,,,,,
Chalcides_ebneri,,,,,,
Chalcides_manueli,,,,,,
Chalcides_pentadactylus,,,,,,
Ophiomorus_blanfordi,,,,,,
Plestiodon_popei,,,,,,
Plestiodon_kuchinoshimensis,,,,,,
Plestiodon_coreensis,,,,,,
Barkudia_melanosticta,,,,,,
Scolecoseps_litipoensis,,,,,,
Eurylepis_poonaensis,,,,,,
Eumeces_cholistanensis,,,,,,
Eumeces_indothalensis,,,,,,
Eumeces_schneideri,,,,,,
Acontias_schmitzi,,,,,,
Acontias_poecilus,,,,,,
Cnemaspis_boulengerii,,,,,,
Cnemaspis_jacobsoni,,,,,,
Cnemaspis_laoensis,,,,,,
Cnemaspis_argus,,,,,,
Cnemaspis_harimau,,,,,,
Cnemaspis_affinis,,,,,,
Cnemaspis_timoriensis,,,,,,
Alsophylax_szczerbaki,,,,,,
Alsophylax_loricatus,,,,,,
Cyrtodactylus_fasciolatum,,,,,,
Cyrtodactylus_nepalensis,,,,,,
Cyrtodactylus_malcolmsmithi,,,,,,
Cyrtodactylus_vilaphongi,,,,,,
Cyrtodactylus_sworderi,,,,,,
Cyrtodactylus_tamaiensis,,,,,,
Cyrtodactylus_cucphuongensis,,,,,,
Cyrtodactylus_batik,,,,,,
Cyrtodactylus_pantiensis,,,,,,
Cyrtodactylus_phuquocensis,,,,,,
Cyrtodactylus_hikidai,,,,,,
Cyrtodactylus_bichnganae,,,,,,
Cyrtodactylus_seribuatensis,,,,,,
Cyrtodactylus_batucolus,,,,,,
Cyrtodactylus_eisenmanae,,,,,,
Cyrtodactylus_phuocbinhensis,,,,,,
Cyrtodactylus_aurensis,,,,,,
Cyrtodactylus_subsolanus,,,,,,
Cyrtodactylus_thochuensis,,,,,,
Cyrtodactylus_serratus,,,,,,
Cyrtodactylus_badenensis,,,,,,
Cyrtodactylus_cryptus,,,,,,
Cyrtodactylus_huynhi,,,,,,
Cyrtodactylus_dati,,,,,,
Cyrtodactylus_deveti,,,,,,
Cyrtodactylus_caovansungi,,,,,,
Cyrtodactylus_yangbayensis,,,,,,
Cyrtodactylus_ramboda,,,,,,
Cyrtodactylus_cucdongensis,,,,,,
Cyrtodactylus_matsuii,,,,,,
Cyrtodactylus_martinstolli,,,,,,
Cyrtodactylus_wangkulangkulae,,,,,,
Cyrtodactylus_stresemanni,,,,,,
Cyrtodactylus_leegrismeri,,,,,,
Cyrtodactylus_roesleri,,,,,,
Cyrtodactylus_pageli,,,,,,
Cyrtodactylus_nigriocularis,,,,,,
Cyrtodactylus_puhuensis,,,,,,
Cyrtodactylus_zhaoermii,,,,,,
Cyrtodactylus_minor,,,,,,
Cyrtodactylus_sharkari,,,,,,
Cyrtodactylus_timur,,,,,,
Cyrtodactylus_martini,,,,,,
Cyrtodactylus_jarakensis,,,,,,
Cyrtodactylus_variegatus,,,,,,
Cyrtodactylus_arcanus,,,,,,
Cyrtodactylus_durio,,,,,,
Cyrtodactylus_boreoclivus,,,,,,
Cyrtodactylus_hontreensis,,,,,,
Cyrtodactylus_saiyok,,,,,,
Cyrtodactylus_metropolis,,,,,,
Cyrtodactylus_thuongae,,,,,,
Cyrtodactylus_markuscombaii,,,,,,
Cyrtodactylus_edwardtaylori,,,,,,
Cyrtodactylus_nuaulu,,,,,,
Cyrtodactylus_chauquangensis,,,,,,
Cyrtodactylus_irianjayaensis,,,,,,
Cyrtopodion_lawderanum,,,,,,
Cyrtopodion_himalayanum,,,,,,
Cyrtopodion_battalense,,,,,,
Hemidactylus_kundaensis,,,,,,
Hemidactylus_klauberi,,,,,,
Hemidactylus_albivertebralis,,,,,,
Hemidactylus_makolowodei,,,,,,
Hemidactylus_aporus,,,,,,
Hemidactylus_newtoni,,,,,,
Hemidactylus_lopezjuradoi,,,,,,
Hemidactylus_bouvieri,,,,,,
Hemidactylus_endophis,,,,,,
Hemidactylus_ituriensis,,,,,,
Hemidactylus_masirahensis,,,,,,
Hemidactylus_kyaboboensis,,,,,,
Hemidactylus_oxyrhinus,,,,,,
Hemidactylus_forbesii,,,,,,
Hemidactylus_shihraensis,,,,,,
Hemidactylus_granchii,,,,,,
Hemidactylus_jumailiae,,,,,,
Hemidactylus_dawudazraqi,,,,,,
Hemidactylus_mindiae,,,,,,
Hemidactylus_lavadeserticus,,,,,,
Hemidactylus_jubensis,,,,,,
Hemidactylus_ophiolepis,,,,,,
Hemidactylus_anamallensis,,,,,,
Rhinogecko_misonnei,,,,,,
Rhinogecko_femoralis,,,,,,
Stenodactylus_pulcher,,,,,,
Stenodactylus_sharqiyahensis,,,,,,
Stenodactylus_arabicus,,,,,,
Stenodactylus_stenurus,,,,,,
Tropiocolotes_scortecci,,,,,,
Mediodactylus_brachykolon,,,,,,
Mediodactylus_walli,,,,,,
Mediodactylus_narynensis,,,,,,
Cyrtopodion_dattanense,,,,,,
Cyrtopodion_fortmunroi,,,,,,
Cyrtopodion_mansarulus,,,,,,
Cyrtopodion_baigii,,,,,,
Cyrtopodion_rhodocauda,,,,,,
Bunopus_spatalurus,,,,,,
Altiphylax_mintoni,,,,,,
Altiphylax_yarkandensis,,,,,,
Pseudogekko_labialis,,,,,,
Pseudogekko_compressicorpus,,,,,,
Luperosaurus_kubli,,,,,,
Luperosaurus_iskandari,,,,,,
Luperosaurus_yasumai,,,,,,
Ptychozoon_kuhli,,,,,,
Ptychozoon_trinotaterra,,,,,,
Ptychozoon_intermedium,,,,,,
Ptychozoon_horsfieldii,,,,,,
Ptychozoon_kaengkrachanense,,,,,,
Ptychozoon_lionotum,,,,,,
Ptychozoon_nicobarensis,,,,,,
Ptychozoon_rhacophorus,,,,,,
Luperosaurus_browni,,,,,,
Lepidodactylus_gardineri,,,,,,
Gekko_taylori,,,,,,
Gekko_auriverrucosus,,,,,,
Luperosaurus_gulat,,,,,,
Luperosaurus_sorok,,,,,,
Luperosaurus_brooksii,,,,,,
Lepidodactylus_planicaudus,,,,,,
Gekko_wenxianensis,,,,,,
Gekko_taibaiensis,,,,,,
Gekko_russelltraini,,,,,,
Lepidodactylus_buleli,,,,,,
Hemiphyllodactylus_engganoensis,,,,,,
Hemiphyllodactylus_aurantiacus,,,,,,
Hemiphyllodactylus_margarethae,,,,,,
Hemiphyllodactylus_banaensis,,,,,,
Hemiphyllodactylus_zugi,,,,,,
Hemiphyllodactylus_larutensis,,,,,,
Hemiphyllodactylus_tehtarik,,,,,,
Gehyra_fenestra,,,,,,
Gehyra_serraticauda,,,,,,
Gehyra_barea,,,,,,
Gehyra_butleri,,,,,,
Nactus_coindemirensis,,,,,,
Nactus_kunan,,,,,,
Nactus_soniae,,,,,,
Heteronotia_fasciolatus,,,,,,
Phelsuma_gigas,,,,,,
Phelsuma_hoeschi,,,,,,
Phelsuma_ravenala,,,,,,
Phelsuma_borai,,,,,,
Phelsuma_andamanense,,,,,,
Lygodactylus_blancae,,,,,,
Lygodactylus_decaryi,,,,,,
Lygodactylus_luteopicturatus,,,,,,
Lygodactylus_howelli,,,,,,
Lygodactylus_regulus,,,,,,
Lygodactylus_grandisonae,,,,,,
Lygodactylus_ornatus,,,,,,
Lygodactylus_intermedius,,,,,,
Lygodactylus_montanus,,,,,,
Lygodactylus_roavolana,,,,,,
Lygodactylus_rarus,,,,,,
Perochirus_guentheri,,,,,,
Cnemaspis_gigas,,,,,,
Cnemaspis_koehleri,,,,,,
Cnemaspis_petrodroma,,,,,,
Cnemaspis_dilepis,,,,,,
Cnemaspis_alantika,,,,,,
Urocotyledon_weileri,,,,,,
Paroedura_tanjaka,,,,,,
Paroedura_ibityensis,,,,,,
Paroedura_hordiesi,,,,,,
Paroedura_vahiny,,,,,,
Kolekanos_plumicaudus,,,,,,
Afrogecko_ansorgii,,,,,,
Colopus_kochii,,,,,,
Pachydactylus_goodi,,,,,,
Pachydactylus_laevigatus,,,,,,
Colopus_wahlbergii,,,,,,
Afroedura_granitica,,,,,,
Afroedura_broadleyi,,,,,,
Afroedura_tirasensis,,,,,,
Afroedura_rondavelica,,,,,,
Microgecko_depressus,,,,,,
Cnemaspis_jerdonii,,,,,,
Cnemaspis_boiei,,,,,,
Cnemaspis_andersonii,,,,,,
Cnemaspis_otai,,,,,,
Cnemaspis_clivicola,,,,,,
Cnemaspis_podihuna,,,,,,
Cnemaspis_wicksi,,,,,,
Cnemaspis_anaikattiensis,,,,,,
Cnemaspis_monticola,,,,,,
Cnemaspis_amith,,,,,,
Cnemaspis_indraneildasii,,,,,,
Tarentola_albertschwartzi,,,,,,
Tarentola_protogigas,,,,,,
Tarentola_pastoria,,,,,,
Tarentola_mindiae,,,,,,
Tarentola_bischoffi,,,,,,
Phyllopezus_maranjonensis,,,,,,
Gymnodactylus_vanzolinii,,,,,,
Phyllodactylus_heterurus,,,,,,
Phyllodactylus_tinklei,,,,,,
Phyllodactylus_delsolari,,,,,,
Phyllodactylus_angelensis,,,,,,
Homonota_taragui,,,,,,
Homonota_rupicola,,,,,,
Ptyodactylus_homolepis,,,,,,
Ptyodactylus_ananjevae,,,,,,
Asaccus_saffinae,,,,,,
Teratoscincus_toksunicus,,,,,,
Sphaerodactylus_nycteropus,,,,,,
Sphaerodactylus_storeyae,,,,,,
Sphaerodactylus_bromeliarum,,,,,,
Lepidoblepharis_oxycephalus,,,,,,
Gonatodes_purpurogularis,,,,,,
Gonatodes_petersi,,,,,,
Gonatodes_daudini,,,,,,
Gonatodes_fuscus,,,,,,
Gonatodes_infernalis,,,,,,
Gonatodes_nascimentoi,,,,,,
Gonatodes_superciliaris,,,,,,
Gonatodes_naufragus,,,,,,
Gonatodes_astralis,,,,,,
Gonatodes_lichenosus,,,,,,
Pseudogonatodes_gasconi,,,,,,
Coleodactylus_natalensis,,,,,,
Coleodactylus_elizae,,,,,,
Pristurus_mazbah,,,,,,
Pristurus_insignoides,,,,,,
Pristurus_longipes,,,,,,
Pristurus_ornithocephalus,,,,,,
Pristurus_saada,,,,,,
Pristurus_schneideri,,,,,,
Goniurosaurus_huuliensis,,,,,,
Goniurosaurus_toyamai,,,,,,
Goniurosaurus_zhelongi,,,,,,
Goniurosaurus_yingdeensis,,,,,,
Goniurosaurus_orientalis,,,,,,
Goniurosaurus_splendens,,,,,,
Holodactylus_cornii,,,,,,
Delma_haroldi,,,,,,
Woodworthia_maculatus,,,,,,
Woodworthia_brunneus,,,,,,
Woodworthia_chrysosireticus,,,,,,
Hoplodactylus_delcourti,,,,,,
Paniegekko_madjo,,,,,,
Eurydactylodes_occidentalis,,,,,,
Bavayia_nubila,,,,,,
Bavayia_pulchella,,,,,,
Dibamus_somsaki,,,,,,
Dibamus_booliati,,,,,,
Dibamus_alfredi,,,,,,
Dibamus_greeri,,,,,,
Dibamus_smithi,,,,,,
Dibamus_tiomanensis,,,,,,
Dibamus_ingeri,,,,,,
Dibamus_deharvengi,,,,,,
Dibamus_dezwaani,,,,,,
Dibamus_tebal,,,,,,
Dibamus_vorisi,,,,,,
Dibamus_kondaoensis,,,,,,